Links,Owner,Owner
https://web.archive.org/web/20150217144133/https://www.apartments.com/chicago-il/,Himi,
https://web.archive.org/web/20150315022817/https://www.apartments.com/chicago-il/,Himi,
https://web.archive.org/web/20150905052452/https://www.apartments.com/chicago-il/,Himi,
https://web.archive.org/web/20151110003619/https://www.apartments.com/chicago-il/,Himi,
https://web.archive.org/web/20151210193343/https://www.apartments.com/chicago-il/,,
https://web.archive.org/web/20160206074633/https://www.apartments.com/chicago-il/,,
https://web.archive.org/web/20160218115247/https://www.apartments.com/chicago-il/,,
https://web.archive.org/web/20160218200409/https://www.apartments.com/chicago-il/,,
https://web.archive.org/web/20160226190351/https://www.apartments.com/chicago-il/,,
https://web.archive.org/web/20160227192652/https://www.apartments.com/chicago-il/,,
https://web.archive.org/web/20160228040642/https://www.apartments.com/chicago-il/,,
https://web.archive.org/web/20160301004438/https://www.apartments.com/chicago-il/,,
https://web.archive.org/web/20160301013155/https://www.apartments.com/chicago-il/,,
https://web.archive.org/web/20160302013636/https://www.apartments.com/chicago-il/,,
https://web.archive.org/web/20160303013810/https://www.apartments.com/chicago-il/,,
https://web.archive.org/web/20160304022659/https://www.apartments.com/chicago-il/,,
https://web.archive.org/web/20160305024818/https://www.apartments.com/chicago-il/,,
https://web.archive.org/web/20160306031432/https://www.apartments.com/chicago-il/,,
https://web.archive.org/web/20160307060231/https://www.apartments.com/chicago-il/,,
https://web.archive.org/web/20160308131447/https://www.apartments.com/chicago-il/,,
https://web.archive.org/web/20160308183321/https://www.apartments.com/chicago-il/,,
https://web.archive.org/web/20160310001736/https://www.apartments.com/chicago-il/,,
https://web.archive.org/web/20160310032809/https://www.apartments.com/chicago-il/,,
https://web.archive.org/web/20160311053243/https://www.apartments.com/chicago-il/,,
https://web.archive.org/web/20160312053303/https://www.apartments.com/chicago-il/,,
https://web.archive.org/web/20160314120857/https://www.apartments.com/chicago-il/,,
https://web.archive.org/web/20160315130901/https://www.apartments.com/chicago-il/,,
https://web.archive.org/web/20160316153212/https://www.apartments.com/chicago-il/,,
https://web.archive.org/web/20160316192132/https://www.apartments.com/chicago-il/,,
https://web.archive.org/web/20160317205704/https://www.apartments.com/chicago-il/,,
https://web.archive.org/web/20160317231004/https://www.apartments.com/chicago-il/,,
https://web.archive.org/web/20160319005927/https://www.apartments.com/chicago-il/,,
https://web.archive.org/web/20160320012223/https://www.apartments.com/chicago-il/,,
https://web.archive.org/web/20160321012401/https://www.apartments.com/chicago-il/,,
https://web.archive.org/web/20160321094413/https://www.apartments.com/chicago-il/,,
https://web.archive.org/web/20160322092820/https://www.apartments.com/chicago-il/,,
https://web.archive.org/web/20160323104724/https://www.apartments.com/chicago-il/,,
https://web.archive.org/web/20160323155804/https://www.apartments.com/chicago-il/,,
https://web.archive.org/web/20160324163511/https://www.apartments.com/chicago-il/,,
https://web.archive.org/web/20160325171409/https://www.apartments.com/chicago-il/,,
https://web.archive.org/web/20160325191905/https://www.apartments.com/chicago-il/,,
https://web.archive.org/web/20160326203446/https://www.apartments.com/chicago-il/,,
https://web.archive.org/web/20160327235647/https://www.apartments.com/chicago-il/,,
https://web.archive.org/web/20160328202715/https://www.apartments.com/chicago-il/,,
https://web.archive.org/web/20160329045549/https://www.apartments.com/chicago-il/,,
https://web.archive.org/web/20160331083916/https://www.apartments.com/chicago-il/,,
https://web.archive.org/web/20160331091340/https://www.apartments.com/chicago-il/,,
https://web.archive.org/web/20160401172204/https://www.apartments.com/chicago-il/,,
https://web.archive.org/web/20160401222125/https://www.apartments.com/chicago-il/,,
https://web.archive.org/web/20160403022828/https://www.apartments.com/chicago-il/,,
https://web.archive.org/web/20160403173159/https://www.apartments.com/chicago-il/,,
https://web.archive.org/web/20160405031830/https://www.apartments.com/chicago-il/,,
https://web.archive.org/web/20160406072427/https://www.apartments.com/chicago-il/,,
https://web.archive.org/web/20160407080400/https://www.apartments.com/chicago-il/,,
https://web.archive.org/web/20160408155215/https://www.apartments.com/chicago-il/,,
https://web.archive.org/web/20160409215658/https://www.apartments.com/chicago-il/,,
https://web.archive.org/web/20160411001652/https://www.apartments.com/chicago-il/,,
https://web.archive.org/web/20160412023012/https://www.apartments.com/chicago-il/,,
https://web.archive.org/web/20160413024208/https://www.apartments.com/chicago-il/,,
https://web.archive.org/web/20160414031646/https://www.apartments.com/chicago-il/,,
https://web.archive.org/web/20160414035110/https://www.apartments.com/chicago-il/,,
https://web.archive.org/web/20160415035318/https://www.apartments.com/chicago-il/,,
https://web.archive.org/web/20160415035820/https://www.apartments.com/chicago-il/,,
https://web.archive.org/web/20160416041340/https://www.apartments.com/chicago-il/,,
https://web.archive.org/web/20160417070510/https://www.apartments.com/chicago-il/,,
https://web.archive.org/web/20160418090122/https://www.apartments.com/chicago-il/,,
https://web.archive.org/web/20160419134022/https://www.apartments.com/chicago-il/,,
https://web.archive.org/web/20160420134429/https://www.apartments.com/chicago-il/,,
https://web.archive.org/web/20160421143113/https://www.apartments.com/chicago-il/,,
https://web.archive.org/web/20160422165755/https://www.apartments.com/chicago-il/,,
https://web.archive.org/web/20160423215723/https://www.apartments.com/chicago-il/,,
https://web.archive.org/web/20160424055216/https://www.apartments.com/chicago-il/,,
https://web.archive.org/web/20160425071542/https://www.apartments.com/chicago-il/,,
https://web.archive.org/web/20160425115219/https://www.apartments.com/chicago-il/,,
https://web.archive.org/web/20160426125204/https://www.apartments.com/chicago-il/,,
https://web.archive.org/web/20160427165538/https://www.apartments.com/chicago-il/,,
https://web.archive.org/web/20160429083304/https://www.apartments.com/chicago-il/,,
https://web.archive.org/web/20160429142002/https://www.apartments.com/chicago-il/,,
https://web.archive.org/web/20160430181309/https://www.apartments.com/chicago-il/,,
https://web.archive.org/web/20160430181309/https://www.apartments.com/chicago-il/,,
https://web.archive.org/web/20160430181309/https://www.apartments.com/chicago-il/,,
https://web.archive.org/web/20160430181309/https://www.apartments.com/chicago-il/,,
https://web.archive.org/web/20160504114835/https://www.apartments.com/chicago-il/,,
https://web.archive.org/web/20160505125954/https://www.apartments.com/chicago-il/,,
https://web.archive.org/web/20160505133206/https://www.apartments.com/chicago-il/,,
https://web.archive.org/web/20160506140645/https://www.apartments.com/chicago-il/,,
https://web.archive.org/web/20160506181343/https://www.apartments.com/chicago-il/,,
https://web.archive.org/web/20160507221131/https://www.apartments.com/chicago-il/,,
https://web.archive.org/web/20160508231456/https://www.apartments.com/chicago-il/,,
https://web.archive.org/web/20160510041650/https://www.apartments.com/chicago-il/,,
https://web.archive.org/web/20160511162004/https://www.apartments.com/chicago-il/,,
https://web.archive.org/web/20160512190838/https://www.apartments.com/chicago-il/,,
https://web.archive.org/web/20160514005721/https://www.apartments.com/chicago-il/,,
https://web.archive.org/web/20160515025927/https://www.apartments.com/chicago-il/,,
https://web.archive.org/web/20160515030634/https://www.apartments.com/chicago-il/,,
https://web.archive.org/web/20160516043618/https://www.apartments.com/chicago-il/,,
https://web.archive.org/web/20160517125125/https://www.apartments.com/chicago-il/,,
https://web.archive.org/web/20160518125152/https://www.apartments.com/chicago-il/,,
https://web.archive.org/web/20160519205812/https://www.apartments.com/chicago-il/,,
https://web.archive.org/web/20160520065808/https://www.apartments.com/chicago-il/,,
https://web.archive.org/web/20160521081922/https://www.apartments.com/chicago-il/,,
https://web.archive.org/web/20160522083405/https://www.apartments.com/chicago-il/,,
https://web.archive.org/web/20160524110342/https://www.apartments.com/chicago-il/,,
https://web.archive.org/web/20160524150541/https://www.apartments.com/chicago-il/,,
https://web.archive.org/web/20160525220019/https://www.apartments.com/chicago-il/,,
https://web.archive.org/web/20160526225625/https://www.apartments.com/chicago-il/,,
https://web.archive.org/web/20160528031319/https://www.apartments.com/chicago-il/,,
https://web.archive.org/web/20160528121538/https://www.apartments.com/chicago-il/,,
https://web.archive.org/web/20160529151419/https://www.apartments.com/chicago-il/,,
https://web.archive.org/web/20160530153042/https://www.apartments.com/chicago-il/,,
https://web.archive.org/web/20160531185518/https://www.apartments.com/chicago-il/,,
https://web.archive.org/web/20160602203256/https://www.apartments.com/chicago-il/,,
https://web.archive.org/web/20160602215207/https://www.apartments.com/chicago-il/,,
https://web.archive.org/web/20160603234920/https://www.apartments.com/chicago-il/,,
https://web.archive.org/web/20160605014439/https://www.apartments.com/chicago-il/,,
https://web.archive.org/web/20160605044417/https://www.apartments.com/chicago-il/,,
https://web.archive.org/web/20160606045939/https://www.apartments.com/chicago-il/,,
https://web.archive.org/web/20160606054856/https://www.apartments.com/chicago-il/,,
https://web.archive.org/web/20160607123533/https://www.apartments.com/chicago-il/,,
https://web.archive.org/web/20160608133934/https://www.apartments.com/chicago-il/,,
https://web.archive.org/web/20160609205139/https://www.apartments.com/chicago-il/,,
https://web.archive.org/web/20160610213350/https://www.apartments.com/chicago-il/,,
https://web.archive.org/web/20160611022753/https://www.apartments.com/chicago-il/,,
https://web.archive.org/web/20160612025356/https://www.apartments.com/chicago-il/,,
https://web.archive.org/web/20160612035107/https://www.apartments.com/chicago-il/,,
https://web.archive.org/web/20160613091641/https://www.apartments.com/chicago-il/,,
https://web.archive.org/web/20160614100515/https://www.apartments.com/chicago-il/,,
https://web.archive.org/web/20160615121217/https://www.apartments.com/chicago-il/,,
https://web.archive.org/web/20160616121755/https://www.apartments.com/chicago-il/,,
https://web.archive.org/web/20160616171900/https://www.apartments.com/chicago-il/,,
https://web.archive.org/web/20160617180837/https://www.apartments.com/chicago-il/,,
https://web.archive.org/web/20160618013703/https://www.apartments.com/chicago-il/,,
https://web.archive.org/web/20160619013705/https://www.apartments.com/chicago-il/,,
https://web.archive.org/web/20160619025249/https://www.apartments.com/chicago-il/,,
https://web.archive.org/web/20160620050311/https://www.apartments.com/chicago-il/,,
https://web.archive.org/web/20160621062804/https://www.apartments.com/chicago-il/,,
https://web.archive.org/web/20160622093717/https://www.apartments.com/chicago-il/,,
https://web.archive.org/web/20160622171604/https://www.apartments.com/chicago-il/,,
https://web.archive.org/web/20160624172755/https://www.apartments.com/chicago-il/,,
https://web.archive.org/web/20160625025117/https://www.apartments.com/chicago-il/,,
https://web.archive.org/web/20160626100931/https://www.apartments.com/chicago-il/,,
https://web.archive.org/web/20160626210032/https://www.apartments.com/chicago-il/,,
https://web.archive.org/web/20160627212430/https://www.apartments.com/chicago-il/,,
https://web.archive.org/web/20160629013939/https://www.apartments.com/chicago-il/,,
https://web.archive.org/web/20160629062029/https://www.apartments.com/chicago-il/,,
https://web.archive.org/web/20160707172205/https://www.apartments.com/chicago-il/,,
https://web.archive.org/web/20160728022603/https://www.apartments.com/chicago-il/,,
https://web.archive.org/web/20160922173059/https://www.apartments.com/chicago-il/,,
https://web.archive.org/web/20161026163008/https://www.apartments.com/chicago-il/,,
https://web.archive.org/web/20161101235944/https://www.apartments.com/chicago-il/,,
https://web.archive.org/web/20161205125724/https://www.apartments.com/chicago-il/,,
https://web.archive.org/web/20170203164615/https://www.apartments.com/chicago-il/,,
https://web.archive.org/web/20170711131531/https://www.apartments.com/chicago-il/,,
https://web.archive.org/web/20171207061834/https://www.apartments.com/chicago-il/,,
https://web.archive.org/web/20180329055856/https://www.apartments.com/chicago-il/,,
https://web.archive.org/web/20180405020729/https://www.apartments.com/chicago-il/,,
https://web.archive.org/web/20180414001009/https://www.apartments.com/chicago-il/,,
https://web.archive.org/web/20180419035529/https://www.apartments.com/chicago-il/,,
https://web.archive.org/web/20180426032431/https://www.apartments.com/chicago-il/,,
https://web.archive.org/web/20180503080405/https://www.apartments.com/chicago-il/,,
https://web.archive.org/web/20180509230700/https://www.apartments.com/chicago-il/,,
https://web.archive.org/web/20180517125225/https://www.apartments.com/chicago-il/,,
https://web.archive.org/web/20180525045837/https://www.apartments.com/chicago-il/,,
https://web.archive.org/web/20180601013058/https://www.apartments.com/chicago-il/,,
https://web.archive.org/web/20180621010309/https://www.apartments.com/chicago-il/,,
https://web.archive.org/web/20180627210140/https://www.apartments.com/chicago-il/,,
https://web.archive.org/web/20180704233552/https://www.apartments.com/chicago-il/,,
https://web.archive.org/web/20180725171307/https://www.apartments.com/chicago-il/,,
https://web.archive.org/web/20180801230446/https://www.apartments.com/chicago-il/,,
https://web.archive.org/web/20180808225255/https://www.apartments.com/chicago-il/,,
https://web.archive.org/web/20180816010023/https://www.apartments.com/chicago-il/,,
https://web.archive.org/web/20180823014617/https://www.apartments.com/chicago-il/,,
https://web.archive.org/web/20180830001955/https://www.apartments.com/chicago-il/,,
https://web.archive.org/web/20180906013944/https://www.apartments.com/chicago-il/,,
https://web.archive.org/web/20180912221317/https://www.apartments.com/chicago-il/,,
https://web.archive.org/web/20180919204137/https://www.apartments.com/chicago-il/,,
https://web.archive.org/web/20180927181417/https://www.apartments.com/chicago-il/,,
https://web.archive.org/web/20181004221939/https://www.apartments.com/chicago-il/,,
https://web.archive.org/web/20181010203237/https://www.apartments.com/chicago-il/,,
https://web.archive.org/web/20181017210956/https://www.apartments.com/chicago-il/,,
https://web.archive.org/web/20181024212715/https://www.apartments.com/chicago-il/,,
https://web.archive.org/web/20181115000416/https://www.apartments.com/chicago-il/,,
https://web.archive.org/web/20191115060020/https://www.apartments.com/chicago-il/,,
https://web.archive.org/web/20201111182322/https://www.apartments.com/chicago-il/,,
https://web.archive.org/web/20201119165007/https://www.apartments.com/chicago-il/,,
https://web.archive.org/web/20210223234911/https://www.apartments.com/chicago-il/,,Stancy
https://web.archive.org/web/20210422142859/https://www.apartments.com/chicago-il/,,Stancy
https://web.archive.org/web/20210422235305/https://www.apartments.com/chicago-il/,,Stancy
https://web.archive.org/web/20210818170950/https://www.apartments.com/chicago-il/,,Stancy
https://web.archive.org/web/20220121035604/https://www.apartments.com/chicago-il/,,Stancy
https://web.archive.org/web/20220321160908/https://www.apartments.com/chicago-il/,,Stancy
https://web.archive.org/web/20220403132436/https://www.apartments.com/chicago-il/,,Stancy
https://web.archive.org/web/20220426234339/https://www.apartments.com/chicago-il/,,Stancy
https://web.archive.org/web/20220612023135/https://www.apartments.com/chicago-il/,,Stancy
https://web.archive.org/web/20220819053652/https://www.apartments.com/chicago-il/,,Stancy
https://web.archive.org/web/20230404061531/https://www.apartments.com/chicago-il/,,Stancy
https://web.archive.org/web/20230408031431/https://www.apartments.com/chicago-il/,,Stancy