	nodes	xpaths
0	Apartments for Rent in Chicago, IL | Apartments.com	/html/head/title
1	Menu	/html/body/div[1]/header/nav/div[1]/span/button/span
2	Sign In	/html/body/div[1]/header/nav/div[2]/a[1]
3	Add a Listing	/html/body/div[1]/header/nav/div[2]/a[2]
4	Back To Search	/html/body/div[1]/main/section/header/a/span
5	Min Rent	/html/body/div[1]/main/section/header/select[1]/option[1]
6	$400	/html/body/div[1]/main/section/header/select[1]/option[2]
7	$500	/html/body/div[1]/main/section/header/select[1]/option[3]
8	$600	/html/body/div[1]/main/section/header/select[1]/option[4]
9	$700	/html/body/div[1]/main/section/header/select[1]/option[5]
10	$800	/html/body/div[1]/main/section/header/select[1]/option[6]
11	$900	/html/body/div[1]/main/section/header/select[1]/option[7]
12	$1,000	/html/body/div[1]/main/section/header/select[1]/option[8]
13	$1,100	/html/body/div[1]/main/section/header/select[1]/option[9]
14	$1,200	/html/body/div[1]/main/section/header/select[1]/option[10]
15	$1,300	/html/body/div[1]/main/section/header/select[1]/option[11]
16	$1,400	/html/body/div[1]/main/section/header/select[1]/option[12]
17	$1,500	/html/body/div[1]/main/section/header/select[1]/option[13]
18	$1,600	/html/body/div[1]/main/section/header/select[1]/option[14]
19	$1,700	/html/body/div[1]/main/section/header/select[1]/option[15]
20	$1,800	/html/body/div[1]/main/section/header/select[1]/option[16]
21	$1,900	/html/body/div[1]/main/section/header/select[1]/option[17]
22	$2,000	/html/body/div[1]/main/section/header/select[1]/option[18]
23	$2,100	/html/body/div[1]/main/section/header/select[1]/option[19]
24	$2,200	/html/body/div[1]/main/section/header/select[1]/option[20]
25	$2,300	/html/body/div[1]/main/section/header/select[1]/option[21]
26	$2,400	/html/body/div[1]/main/section/header/select[1]/option[22]
27	$2,500	/html/body/div[1]/main/section/header/select[1]/option[23]
28	$2,600	/html/body/div[1]/main/section/header/select[1]/option[24]
29	$2,700	/html/body/div[1]/main/section/header/select[1]/option[25]
30	$2,800	/html/body/div[1]/main/section/header/select[1]/option[26]
31	$2,900	/html/body/div[1]/main/section/header/select[1]/option[27]
32	$3,000	/html/body/div[1]/main/section/header/select[1]/option[28]
33	$3,100	/html/body/div[1]/main/section/header/select[1]/option[29]
34	$3,200	/html/body/div[1]/main/section/header/select[1]/option[30]
35	$3,300	/html/body/div[1]/main/section/header/select[1]/option[31]
36	$3,400	/html/body/div[1]/main/section/header/select[1]/option[32]
37	$3,500	/html/body/div[1]/main/section/header/select[1]/option[33]
38	$3,600	/html/body/div[1]/main/section/header/select[1]/option[34]
39	$3,700	/html/body/div[1]/main/section/header/select[1]/option[35]
40	$3,800	/html/body/div[1]/main/section/header/select[1]/option[36]
41	$3,900	/html/body/div[1]/main/section/header/select[1]/option[37]
42	$4,000	/html/body/div[1]/main/section/header/select[1]/option[38]
43	$4,200	/html/body/div[1]/main/section/header/select[1]/option[39]
44	$4,400	/html/body/div[1]/main/section/header/select[1]/option[40]
45	$4,600	/html/body/div[1]/main/section/header/select[1]/option[41]
46	$4,800	/html/body/div[1]/main/section/header/select[1]/option[42]
47	$5,000	/html/body/div[1]/main/section/header/select[1]/option[43]
48	$7,500	/html/body/div[1]/main/section/header/select[1]/option[44]
49	$10,000	/html/body/div[1]/main/section/header/select[1]/option[45]
50	$15,000	/html/body/div[1]/main/section/header/select[1]/option[46]
51	Max Rent	/html/body/div[1]/main/section/header/select[2]/option[1]
52	$400	/html/body/div[1]/main/section/header/select[2]/option[2]
53	$500	/html/body/div[1]/main/section/header/select[2]/option[3]
54	$600	/html/body/div[1]/main/section/header/select[2]/option[4]
55	$700	/html/body/div[1]/main/section/header/select[2]/option[5]
56	$800	/html/body/div[1]/main/section/header/select[2]/option[6]
57	$900	/html/body/div[1]/main/section/header/select[2]/option[7]
58	$1,000	/html/body/div[1]/main/section/header/select[2]/option[8]
59	$1,100	/html/body/div[1]/main/section/header/select[2]/option[9]
60	$1,200	/html/body/div[1]/main/section/header/select[2]/option[10]
61	$1,300	/html/body/div[1]/main/section/header/select[2]/option[11]
62	$1,400	/html/body/div[1]/main/section/header/select[2]/option[12]
63	$1,500	/html/body/div[1]/main/section/header/select[2]/option[13]
64	$1,600	/html/body/div[1]/main/section/header/select[2]/option[14]
65	$1,700	/html/body/div[1]/main/section/header/select[2]/option[15]
66	$1,800	/html/body/div[1]/main/section/header/select[2]/option[16]
67	$1,900	/html/body/div[1]/main/section/header/select[2]/option[17]
68	$2,000	/html/body/div[1]/main/section/header/select[2]/option[18]
69	$2,100	/html/body/div[1]/main/section/header/select[2]/option[19]
70	$2,200	/html/body/div[1]/main/section/header/select[2]/option[20]
71	$2,300	/html/body/div[1]/main/section/header/select[2]/option[21]
72	$2,400	/html/body/div[1]/main/section/header/select[2]/option[22]
73	$2,500	/html/body/div[1]/main/section/header/select[2]/option[23]
74	$2,600	/html/body/div[1]/main/section/header/select[2]/option[24]
75	$2,700	/html/body/div[1]/main/section/header/select[2]/option[25]
76	$2,800	/html/body/div[1]/main/section/header/select[2]/option[26]
77	$2,900	/html/body/div[1]/main/section/header/select[2]/option[27]
78	$3,000	/html/body/div[1]/main/section/header/select[2]/option[28]
79	$3,100	/html/body/div[1]/main/section/header/select[2]/option[29]
80	$3,200	/html/body/div[1]/main/section/header/select[2]/option[30]
81	$3,300	/html/body/div[1]/main/section/header/select[2]/option[31]
82	$3,400	/html/body/div[1]/main/section/header/select[2]/option[32]
83	$3,500	/html/body/div[1]/main/section/header/select[2]/option[33]
84	$3,600	/html/body/div[1]/main/section/header/select[2]/option[34]
85	$3,700	/html/body/div[1]/main/section/header/select[2]/option[35]
86	$3,800	/html/body/div[1]/main/section/header/select[2]/option[36]
87	$3,900	/html/body/div[1]/main/section/header/select[2]/option[37]
88	$4,000	/html/body/div[1]/main/section/header/select[2]/option[38]
89	$4,200	/html/body/div[1]/main/section/header/select[2]/option[39]
90	$4,400	/html/body/div[1]/main/section/header/select[2]/option[40]
91	$4,600	/html/body/div[1]/main/section/header/select[2]/option[41]
92	$4,800	/html/body/div[1]/main/section/header/select[2]/option[42]
93	$5,000	/html/body/div[1]/main/section/header/select[2]/option[43]
94	$7,500	/html/body/div[1]/main/section/header/select[2]/option[44]
95	$10,000	/html/body/div[1]/main/section/header/select[2]/option[45]
96	$15,000	/html/body/div[1]/main/section/header/select[2]/option[46]
97	Beds	/html/body/div[1]/main/section/header/select[3]/option[1]
98	Studio	/html/body/div[1]/main/section/header/select[3]/option[2]
99	1 Bed	/html/body/div[1]/main/section/header/select[3]/option[3]
100	2 Beds	/html/body/div[1]/main/section/header/select[3]/option[4]
101	3 Beds	/html/body/div[1]/main/section/header/select[3]/option[5]
102	4 Beds	/html/body/div[1]/main/section/header/select[3]/option[6]
103	Baths	/html/body/div[1]/main/section/header/span[2]/select/option[1]
104	1+ Baths	/html/body/div[1]/main/section/header/span[2]/select/option[2]
105	2+ Baths	/html/body/div[1]/main/section/header/span[2]/select/option[3]
106	3+ Baths	/html/body/div[1]/main/section/header/span[2]/select/option[4]
107	More Filters	/html/body/div[1]/main/section/header/div/span/button[1]
108	Filters	/html/body/div[1]/main/section/header/div/span/button[2]
109	Polygon	/html/body/div[1]/main/section/header/div/button[1]
110	Plan Commute	/html/body/div[1]/main/section/header/div/button[2]
111	Show All	/html/body/div[1]/main/section/header/div/button[3]
112	Neighborhood Info	/html/body/div[1]/main/section/header/div/div/span/a[1]
113	Neighborhoods	/html/body/div[1]/main/section/header/div/div/span/a[2]
114	Show All	/html/body/div[1]/main/section/header/div/div/button[1]
115	Sort	/html/body/div[1]/main/section/header/div/div/button[2]/span
116	Default	/html/body/div[1]/main/section/header/div/div/ul/li[1]
117	Save	/html/body/div[1]/main/section/header/div/div/button[3]
118	Loading Results...	/html/body/div[1]/main/section/div[1]/div/p
119	No Results Found	/html/body/div[1]/main/section/div[1]/section[1]/article/p
120	The Tides	/html/body/div[1]/main/section/div[1]/section[1]/div/article[1]/section[1]/a
121	1	/html/body/div[1]/main/section/div[1]/section[1]/div/article[1]/section[2]/div[1]/span/span[1]
122	77	/html/body/div[1]/main/section/div[1]/section[1]/div/article[1]/section[2]/div[1]/span/span[2]
123	360 E South Water St	/html/body/div[1]/main/section/div[1]/section[1]/div/article[1]/section[2]/div[2]/div[2]/span[1]
124	Chicago	/html/body/div[1]/main/section/div[1]/section[1]/div/article[1]/section[2]/div[2]/div[2]/span[2]/span[1]
125	60601	/html/body/div[1]/main/section/div[1]/section[1]/div/article[1]/section[2]/div[2]/div[2]/span[2]/span[2]
126	$1,590 - $3,953	/html/body/div[1]/main/section/div[1]/section[1]/div/article[1]/section[2]/div[2]/div[3]/p[1]
127	Studio - 2 Br	/html/body/div[1]/main/section/div[1]/section[1]/div/article[1]/section[2]/div[2]/div[3]/p[2]
128	312-288-8069	/html/body/div[1]/main/section/div[1]/section[1]/div/article[1]/section[2]/div[2]/div[4]/p
129	More...	/html/body/div[1]/main/section/div[1]/section[1]/div/article[1]/section[2]/div[2]/div[4]/a
130	Contact Property	/html/body/div[1]/main/section/div[1]/section[1]/div/article[1]/section[2]/div[2]/a[2]/span
131	AMLI River North	/html/body/div[1]/main/section/div[1]/section[1]/div/article[2]/section[1]/a
132	1	/html/body/div[1]/main/section/div[1]/section[1]/div/article[2]/section[2]/div[1]/span/span[1]
133	83	/html/body/div[1]/main/section/div[1]/section[1]/div/article[2]/section[2]/div[1]/span/span[2]
134	71 W Hubbard St	/html/body/div[1]/main/section/div[1]/section[1]/div/article[2]/section[2]/div[2]/div[2]/span[1]
135	Chicago	/html/body/div[1]/main/section/div[1]/section[1]/div/article[2]/section[2]/div[2]/div[2]/span[2]/span[1]
136	60654	/html/body/div[1]/main/section/div[1]/section[1]/div/article[2]/section[2]/div[2]/div[2]/span[2]/span[2]
137	$1,829 - $6,947	/html/body/div[1]/main/section/div[1]/section[1]/div/article[2]/section[2]/div[2]/div[3]/p[1]
138	Studio - 3 Br	/html/body/div[1]/main/section/div[1]/section[1]/div/article[2]/section[2]/div[2]/div[3]/p[2]
139	312-219-9513	/html/body/div[1]/main/section/div[1]/section[1]/div/article[2]/section[2]/div[2]/div[4]/p
140	More...	/html/body/div[1]/main/section/div[1]/section[1]/div/article[2]/section[2]/div[2]/div[4]/a
141	Contact Property	/html/body/div[1]/main/section/div[1]/section[1]/div/article[2]/section[2]/div[2]/a[2]/span
142	Coast	/html/body/div[1]/main/section/div[1]/section[1]/div/article[3]/section[1]/a
143	1	/html/body/div[1]/main/section/div[1]/section[1]/div/article[3]/section[2]/div[1]/span/span[1]
144	117	/html/body/div[1]/main/section/div[1]/section[1]/div/article[3]/section[2]/div[1]/span/span[2]
145	345 E Wacker Dr	/html/body/div[1]/main/section/div[1]/section[1]/div/article[3]/section[2]/div[2]/div[2]/span[1]
146	Chicago	/html/body/div[1]/main/section/div[1]/section[1]/div/article[3]/section[2]/div[2]/div[2]/span[2]/span[1]
147	60601	/html/body/div[1]/main/section/div[1]/section[1]/div/article[3]/section[2]/div[2]/div[2]/span[2]/span[2]
148	$1,568 - $4,530	/html/body/div[1]/main/section/div[1]/section[1]/div/article[3]/section[2]/div[2]/div[3]/p[1]
149	Studio - 3 Br	/html/body/div[1]/main/section/div[1]/section[1]/div/article[3]/section[2]/div[2]/div[3]/p[2]
150	773-904-9571	/html/body/div[1]/main/section/div[1]/section[1]/div/article[3]/section[2]/div[2]/div[4]/p
151	More...	/html/body/div[1]/main/section/div[1]/section[1]/div/article[3]/section[2]/div[2]/div[4]/a
152	Contact Property	/html/body/div[1]/main/section/div[1]/section[1]/div/article[3]/section[2]/div[2]/a[2]/span
153	Regents Park	/html/body/div[1]/main/section/div[1]/section[1]/div/article[4]/section[1]/a
154	1	/html/body/div[1]/main/section/div[1]/section[1]/div/article[4]/section[2]/div[1]/span/span[1]
155	46	/html/body/div[1]/main/section/div[1]/section[1]/div/article[4]/section[2]/div[1]/span/span[2]
156	5020-5050 S Lake Shore Dr	/html/body/div[1]/main/section/div[1]/section[1]/div/article[4]/section[2]/div[2]/div[2]/span[1]
157	Chicago	/html/body/div[1]/main/section/div[1]/section[1]/div/article[4]/section[2]/div[2]/div[2]/span[2]/span[1]
158	60615	/html/body/div[1]/main/section/div[1]/section[1]/div/article[4]/section[2]/div[2]/div[2]/span[2]/span[2]
159	$1,113 - $3,274	/html/body/div[1]/main/section/div[1]/section[1]/div/article[4]/section[2]/div[2]/div[3]/p[1]
160	Studio - 3 Br	/html/body/div[1]/main/section/div[1]/section[1]/div/article[4]/section[2]/div[2]/div[3]/p[2]
161	866-611-2494	/html/body/div[1]/main/section/div[1]/section[1]/div/article[4]/section[2]/div[2]/div[4]/p
162	More...	/html/body/div[1]/main/section/div[1]/section[1]/div/article[4]/section[2]/div[2]/div[4]/a
163	Contact Property	/html/body/div[1]/main/section/div[1]/section[1]/div/article[4]/section[2]/div[2]/a[2]/span
164	The Shoreham	/html/body/div[1]/main/section/div[1]/section[1]/div/article[5]/section[1]/a
165	1	/html/body/div[1]/main/section/div[1]/section[1]/div/article[5]/section[2]/div[1]/span/span[1]
166	81	/html/body/div[1]/main/section/div[1]/section[1]/div/article[5]/section[2]/div[1]/span/span[2]
167	400 E South Water St	/html/body/div[1]/main/section/div[1]/section[1]/div/article[5]/section[2]/div[2]/div[2]/span[1]
168	Chicago	/html/body/div[1]/main/section/div[1]/section[1]/div/article[5]/section[2]/div[2]/div[2]/span[2]/span[1]
169	60601	/html/body/div[1]/main/section/div[1]/section[1]/div/article[5]/section[2]/div[2]/div[2]/span[2]/span[2]
170	$1,588 - $3,802	/html/body/div[1]/main/section/div[1]/section[1]/div/article[5]/section[2]/div[2]/div[3]/p[1]
171	Studio - 2 Br	/html/body/div[1]/main/section/div[1]/section[1]/div/article[5]/section[2]/div[2]/div[3]/p[2]
172	866-599-7868	/html/body/div[1]/main/section/div[1]/section[1]/div/article[5]/section[2]/div[2]/div[4]/p
173	More...	/html/body/div[1]/main/section/div[1]/section[1]/div/article[5]/section[2]/div[2]/div[4]/a
174	Contact Property	/html/body/div[1]/main/section/div[1]/section[1]/div/article[5]/section[2]/div[2]/a[2]/span
175	Lake Meadows 2429	/html/body/div[1]/main/section/div[1]/section[1]/div/article[6]/section[1]/a
176	1	/html/body/div[1]/main/section/div[1]/section[1]/div/article[6]/section[2]/div[1]/span/span[1]
177	30	/html/body/div[1]/main/section/div[1]/section[1]/div/article[6]/section[2]/div[1]/span/span[2]
178	500 E 33rd St	/html/body/div[1]/main/section/div[1]/section[1]/div/article[6]/section[2]/div[2]/div[2]/span[1]
179	Chicago	/html/body/div[1]/main/section/div[1]/section[1]/div/article[6]/section[2]/div[2]/div[2]/span[2]/span[1]
180	60616	/html/body/div[1]/main/section/div[1]/section[1]/div/article[6]/section[2]/div[2]/div[2]/span[2]/span[2]
181	$725 - $1,866	/html/body/div[1]/main/section/div[1]/section[1]/div/article[6]/section[2]/div[2]/div[3]/p[1]
182	Studio - 3 Br	/html/body/div[1]/main/section/div[1]/section[1]/div/article[6]/section[2]/div[2]/div[3]/p[2]
183	312-985-0261	/html/body/div[1]/main/section/div[1]/section[1]/div/article[6]/section[2]/div[2]/div[4]/p
184	More...	/html/body/div[1]/main/section/div[1]/section[1]/div/article[6]/section[2]/div[2]/div[4]/a
185	Contact Property	/html/body/div[1]/main/section/div[1]/section[1]/div/article[6]/section[2]/div[2]/a[2]/span
186	Aqua Apartments	/html/body/div[1]/main/section/div[1]/section[1]/div/article[7]/section[1]/a
187	1	/html/body/div[1]/main/section/div[1]/section[1]/div/article[7]/section[2]/div[1]/span/span[1]
188	170	/html/body/div[1]/main/section/div[1]/section[1]/div/article[7]/section[2]/div[1]/span/span[2]
189	225 N Columbus Dr	/html/body/div[1]/main/section/div[1]/section[1]/div/article[7]/section[2]/div[2]/div[2]/span[1]
190	Chicago	/html/body/div[1]/main/section/div[1]/section[1]/div/article[7]/section[2]/div[2]/div[2]/span[2]/span[1]
191	60601	/html/body/div[1]/main/section/div[1]/section[1]/div/article[7]/section[2]/div[2]/div[2]/span[2]/span[2]
192	$1,612 - $4,605	/html/body/div[1]/main/section/div[1]/section[1]/div/article[7]/section[2]/div[2]/div[3]/p[1]
193	Studio - 2 Br	/html/body/div[1]/main/section/div[1]/section[1]/div/article[7]/section[2]/div[2]/div[3]/p[2]
194	866-933-3491	/html/body/div[1]/main/section/div[1]/section[1]/div/article[7]/section[2]/div[2]/div[4]/p
195	More...	/html/body/div[1]/main/section/div[1]/section[1]/div/article[7]/section[2]/div[2]/div[4]/a
196	Contact Property	/html/body/div[1]/main/section/div[1]/section[1]/div/article[7]/section[2]/div[2]/a[2]/span
197	1130 SOUTH MICHIGAN	/html/body/div[1]/main/section/div[1]/section[1]/div/article[8]/section[1]/a
198	1	/html/body/div[1]/main/section/div[1]/section[1]/div/article[8]/section[2]/div[1]/span/span[1]
199	79	/html/body/div[1]/main/section/div[1]/section[1]/div/article[8]/section[2]/div[1]/span/span[2]
200	1130 S Michigan Ave	/html/body/div[1]/main/section/div[1]/section[1]/div/article[8]/section[2]/div[2]/div[2]/span[1]
201	Chicago	/html/body/div[1]/main/section/div[1]/section[1]/div/article[8]/section[2]/div[2]/div[2]/span[2]/span[1]
202	60605	/html/body/div[1]/main/section/div[1]/section[1]/div/article[8]/section[2]/div[2]/div[2]/span[2]/span[2]
203	$1,190 - $3,896	/html/body/div[1]/main/section/div[1]/section[1]/div/article[8]/section[2]/div[2]/div[3]/p[1]
204	Studio - 2 Br	/html/body/div[1]/main/section/div[1]/section[1]/div/article[8]/section[2]/div[2]/div[3]/p[2]
205	866-610-8317	/html/body/div[1]/main/section/div[1]/section[1]/div/article[8]/section[2]/div[2]/div[4]/p
206	More...	/html/body/div[1]/main/section/div[1]/section[1]/div/article[8]/section[2]/div[2]/div[4]/a
207	Contact Property	/html/body/div[1]/main/section/div[1]/section[1]/div/article[8]/section[2]/div[2]/a[2]/span
208	Optima Chicago Center	/html/body/div[1]/main/section/div[1]/section[1]/div/article[9]/section[1]/a
209	1	/html/body/div[1]/main/section/div[1]/section[1]/div/article[9]/section[2]/div[1]/span/span[1]
210	18	/html/body/div[1]/main/section/div[1]/section[1]/div/article[9]/section[2]/div[1]/span/span[2]
211	200 E Illinois St	/html/body/div[1]/main/section/div[1]/section[1]/div/article[9]/section[2]/div[2]/div[2]/span[1]
212	Chicago	/html/body/div[1]/main/section/div[1]/section[1]/div/article[9]/section[2]/div[2]/div[2]/span[2]/span[1]
213	60611	/html/body/div[1]/main/section/div[1]/section[1]/div/article[9]/section[2]/div[2]/div[2]/span[2]/span[2]
214	$2,226 - $9,700	/html/body/div[1]/main/section/div[1]/section[1]/div/article[9]/section[2]/div[2]/div[3]/p[1]
215	Studio - 4 Br	/html/body/div[1]/main/section/div[1]/section[1]/div/article[9]/section[2]/div[2]/div[3]/p[2]
216	773-273-6395	/html/body/div[1]/main/section/div[1]/section[1]/div/article[9]/section[2]/div[2]/div[4]/p
217	More...	/html/body/div[1]/main/section/div[1]/section[1]/div/article[9]/section[2]/div[2]/div[4]/a
218	Contact Property	/html/body/div[1]/main/section/div[1]/section[1]/div/article[9]/section[2]/div[2]/a[2]/span
219	1350-60 LAKE SHORE DRIVE	/html/body/div[1]/main/section/div[1]/section[1]/div/article[10]/section[1]/a
220	1	/html/body/div[1]/main/section/div[1]/section[1]/div/article[10]/section[2]/div[1]/span/span[1]
221	51	/html/body/div[1]/main/section/div[1]/section[1]/div/article[10]/section[2]/div[1]/span/span[2]
222	1350 N Lake Shore Dr	/html/body/div[1]/main/section/div[1]/section[1]/div/article[10]/section[2]/div[2]/div[2]/span[1]
223	Chicago	/html/body/div[1]/main/section/div[1]/section[1]/div/article[10]/section[2]/div[2]/div[2]/span[2]/span[1]
224	60610	/html/body/div[1]/main/section/div[1]/section[1]/div/article[10]/section[2]/div[2]/div[2]/span[2]/span[2]
225	$1,191 - $3,032	/html/body/div[1]/main/section/div[1]/section[1]/div/article[10]/section[2]/div[2]/div[3]/p[1]
226	Studio - 2 Br	/html/body/div[1]/main/section/div[1]/section[1]/div/article[10]/section[2]/div[2]/div[3]/p[2]
227	312-462-0403	/html/body/div[1]/main/section/div[1]/section[1]/div/article[10]/section[2]/div[2]/div[4]/p
228	More...	/html/body/div[1]/main/section/div[1]/section[1]/div/article[10]/section[2]/div[2]/div[4]/a
229	Contact Property	/html/body/div[1]/main/section/div[1]/section[1]/div/article[10]/section[2]/div[2]/a[2]/span
230	THE CHICAGOAN	/html/body/div[1]/main/section/div[1]/section[1]/div/article[11]/section[1]/a
231	1	/html/body/div[1]/main/section/div[1]/section[1]/div/article[11]/section[2]/div[1]/span/span[1]
232	51	/html/body/div[1]/main/section/div[1]/section[1]/div/article[11]/section[2]/div[1]/span/span[2]
233	750 N Rush St	/html/body/div[1]/main/section/div[1]/section[1]/div/article[11]/section[2]/div[2]/div[2]/span[1]
234	Chicago	/html/body/div[1]/main/section/div[1]/section[1]/div/article[11]/section[2]/div[2]/div[2]/span[2]/span[1]
235	60611	/html/body/div[1]/main/section/div[1]/section[1]/div/article[11]/section[2]/div[2]/div[2]/span[2]/span[2]
236	$1,794 - $6,712	/html/body/div[1]/main/section/div[1]/section[1]/div/article[11]/section[2]/div[2]/div[3]/p[1]
237	1-3 Br	/html/body/div[1]/main/section/div[1]/section[1]/div/article[11]/section[2]/div[2]/div[3]/p[2]
238	773-675-1163	/html/body/div[1]/main/section/div[1]/section[1]/div/article[11]/section[2]/div[2]/div[4]/p
239	More...	/html/body/div[1]/main/section/div[1]/section[1]/div/article[11]/section[2]/div[2]/div[4]/a
240	Contact Property	/html/body/div[1]/main/section/div[1]/section[1]/div/article[11]/section[2]/div[2]/a[2]/span
241	850 Lake Shore Drive	/html/body/div[1]/main/section/div[1]/section[1]/div/article[12]/section[1]/a
242	1	/html/body/div[1]/main/section/div[1]/section[1]/div/article[12]/section[2]/div[1]/span/span[1]
243	78	/html/body/div[1]/main/section/div[1]/section[1]/div/article[12]/section[2]/div[1]/span/span[2]
244	850 N Lake Shore Dr	/html/body/div[1]/main/section/div[1]/section[1]/div/article[12]/section[2]/div[2]/div[2]/span[1]
245	Chicago	/html/body/div[1]/main/section/div[1]/section[1]/div/article[12]/section[2]/div[2]/div[2]/span[2]/span[1]
246	60611	/html/body/div[1]/main/section/div[1]/section[1]/div/article[12]/section[2]/div[2]/div[2]/span[2]/span[2]
247	$1,990 - $12,000	/html/body/div[1]/main/section/div[1]/section[1]/div/article[12]/section[2]/div[2]/div[3]/p[1]
248	Studio - 3 Br	/html/body/div[1]/main/section/div[1]/section[1]/div/article[12]/section[2]/div[2]/div[3]/p[2]
249	312-462-1903	/html/body/div[1]/main/section/div[1]/section[1]/div/article[12]/section[2]/div[2]/div[4]/p
250	More...	/html/body/div[1]/main/section/div[1]/section[1]/div/article[12]/section[2]/div[2]/div[4]/a
251	Contact Property	/html/body/div[1]/main/section/div[1]/section[1]/div/article[12]/section[2]/div[2]/a[2]/span
252	Jones Chicago	/html/body/div[1]/main/section/div[1]/section[1]/div/article[13]/section[1]/a
253	1	/html/body/div[1]/main/section/div[1]/section[1]/div/article[13]/section[2]/div[1]/span/span[1]
254	9	/html/body/div[1]/main/section/div[1]/section[1]/div/article[13]/section[2]/div[1]/span/span[2]
255	220 W Illinois St	/html/body/div[1]/main/section/div[1]/section[1]/div/article[13]/section[2]/div[2]/div[2]/span[1]
256	Chicago	/html/body/div[1]/main/section/div[1]/section[1]/div/article[13]/section[2]/div[2]/div[2]/span[2]/span[1]
257	60610	/html/body/div[1]/main/section/div[1]/section[1]/div/article[13]/section[2]/div[2]/div[2]/span[2]/span[2]
258	$1,955 - $3,940	/html/body/div[1]/main/section/div[1]/section[1]/div/article[13]/section[2]/div[2]/div[3]/p[1]
259	Studio - 2 Br	/html/body/div[1]/main/section/div[1]/section[1]/div/article[13]/section[2]/div[2]/div[3]/p[2]
260	773-492-6656	/html/body/div[1]/main/section/div[1]/section[1]/div/article[13]/section[2]/div[2]/div[4]/p
261	More...	/html/body/div[1]/main/section/div[1]/section[1]/div/article[13]/section[2]/div[2]/div[4]/a
262	Contact Property	/html/body/div[1]/main/section/div[1]/section[1]/div/article[13]/section[2]/div[2]/a[2]/span
263	Woodlawn Terrace	/html/body/div[1]/main/section/div[1]/section[1]/div/article[14]/section[1]/a
264	1	/html/body/div[1]/main/section/div[1]/section[1]/div/article[14]/section[2]/div[1]/span/span[1]
265	11	/html/body/div[1]/main/section/div[1]/section[1]/div/article[14]/section[2]/div[1]/span/span[2]
266	4726-4740 S Woodlawn Ave	/html/body/div[1]/main/section/div[1]/section[1]/div/article[14]/section[2]/div[2]/div[2]/span[1]
267	Chicago	/html/body/div[1]/main/section/div[1]/section[1]/div/article[14]/section[2]/div[2]/div[2]/span[2]/span[1]
268	60615	/html/body/div[1]/main/section/div[1]/section[1]/div/article[14]/section[2]/div[2]/div[2]/span[2]/span[2]
269	$763 - $1,511	/html/body/div[1]/main/section/div[1]/section[1]/div/article[14]/section[2]/div[2]/div[3]/p[1]
270	Studio - 2 Br	/html/body/div[1]/main/section/div[1]/section[1]/div/article[14]/section[2]/div[2]/div[3]/p[2]
271	855-254-1372	/html/body/div[1]/main/section/div[1]/section[1]/div/article[14]/section[2]/div[2]/div[4]/p
272	More...	/html/body/div[1]/main/section/div[1]/section[1]/div/article[14]/section[2]/div[2]/div[4]/a
273	Contact Property	/html/body/div[1]/main/section/div[1]/section[1]/div/article[14]/section[2]/div[2]/a[2]/span
274	The Lofts at River East	/html/body/div[1]/main/section/div[1]/section[1]/div/article[15]/section[1]/a
275	1	/html/body/div[1]/main/section/div[1]/section[1]/div/article[15]/section[2]/div[1]/span/span[1]
276	11	/html/body/div[1]/main/section/div[1]/section[1]/div/article[15]/section[2]/div[1]/span/span[2]
277	445 E Illinois St	/html/body/div[1]/main/section/div[1]/section[1]/div/article[15]/section[2]/div[2]/div[2]/span[1]
278	Chicago	/html/body/div[1]/main/section/div[1]/section[1]/div/article[15]/section[2]/div[2]/div[2]/span[2]/span[1]
279	60611	/html/body/div[1]/main/section/div[1]/section[1]/div/article[15]/section[2]/div[2]/div[2]/span[2]/span[2]
280	$1,815 - $4,925	/html/body/div[1]/main/section/div[1]/section[1]/div/article[15]/section[2]/div[2]/div[3]/p[1]
281	Studio - 3 Br	/html/body/div[1]/main/section/div[1]/section[1]/div/article[15]/section[2]/div[2]/div[3]/p[2]
282	844-274-9788	/html/body/div[1]/main/section/div[1]/section[1]/div/article[15]/section[2]/div[2]/div[4]/p
283	More...	/html/body/div[1]/main/section/div[1]/section[1]/div/article[15]/section[2]/div[2]/div[4]/a
284	Contact Property	/html/body/div[1]/main/section/div[1]/section[1]/div/article[15]/section[2]/div[2]/a[2]/span
285	Somerset Place Apartments	/html/body/div[1]/main/section/div[1]/section[1]/div/article[16]/section[1]/a
286	1	/html/body/div[1]/main/section/div[1]/section[1]/div/article[16]/section[2]/div[1]/span/span[1]
287	193	/html/body/div[1]/main/section/div[1]/section[1]/div/article[16]/section[2]/div[1]/span/span[2]
288	5009 N Sheridan Rd	/html/body/div[1]/main/section/div[1]/section[1]/div/article[16]/section[2]/div[2]/div[2]/span[1]
289	Chicago	/html/body/div[1]/main/section/div[1]/section[1]/div/article[16]/section[2]/div[2]/div[2]/span[2]/span[1]
290	60640	/html/body/div[1]/main/section/div[1]/section[1]/div/article[16]/section[2]/div[2]/div[2]/span[2]/span[2]
291	$1,200 - $2,400	/html/body/div[1]/main/section/div[1]/section[1]/div/article[16]/section[2]/div[2]/div[3]/p[1]
292	Studio - 2 Br	/html/body/div[1]/main/section/div[1]/section[1]/div/article[16]/section[2]/div[2]/div[3]/p[2]
293	773-649-5501	/html/body/div[1]/main/section/div[1]/section[1]/div/article[16]/section[2]/div[2]/div[4]/p
294	More...	/html/body/div[1]/main/section/div[1]/section[1]/div/article[16]/section[2]/div[2]/div[4]/a
295	Contact Property	/html/body/div[1]/main/section/div[1]/section[1]/div/article[16]/section[2]/div[2]/a[2]/span
296	Eight O Five	/html/body/div[1]/main/section/div[1]/section[1]/div/article[17]/section[1]/a
297	1	/html/body/div[1]/main/section/div[1]/section[1]/div/article[17]/section[2]/div[1]/span/span[1]
298	9	/html/body/div[1]/main/section/div[1]/section[1]/div/article[17]/section[2]/div[1]/span/span[2]
299	805 N LaSalle St	/html/body/div[1]/main/section/div[1]/section[1]/div/article[17]/section[2]/div[2]/div[2]/span[1]
300	Chicago	/html/body/div[1]/main/section/div[1]/section[1]/div/article[17]/section[2]/div[2]/div[2]/span[2]/span[1]
301	60654	/html/body/div[1]/main/section/div[1]/section[1]/div/article[17]/section[2]/div[2]/div[2]/span[2]/span[2]
302	$1,475 - $4,800	/html/body/div[1]/main/section/div[1]/section[1]/div/article[17]/section[2]/div[2]/div[3]/p[1]
303	Studio - 2 Br	/html/body/div[1]/main/section/div[1]/section[1]/div/article[17]/section[2]/div[2]/div[3]/p[2]
304	872-206-3038	/html/body/div[1]/main/section/div[1]/section[1]/div/article[17]/section[2]/div[2]/div[4]/p
305	More...	/html/body/div[1]/main/section/div[1]/section[1]/div/article[17]/section[2]/div[2]/div[4]/a
306	Contact Property	/html/body/div[1]/main/section/div[1]/section[1]/div/article[17]/section[2]/div[2]/a[2]/span
307	Windermere House	/html/body/div[1]/main/section/div[1]/section[1]/div/article[18]/section[1]/a
308	1	/html/body/div[1]/main/section/div[1]/section[1]/div/article[18]/section[2]/div[1]/span/span[1]
309	44	/html/body/div[1]/main/section/div[1]/section[1]/div/article[18]/section[2]/div[1]/span/span[2]
310	1634-1660 E 56th St	/html/body/div[1]/main/section/div[1]/section[1]/div/article[18]/section[2]/div[2]/div[2]/span[1]
311	Chicago	/html/body/div[1]/main/section/div[1]/section[1]/div/article[18]/section[2]/div[2]/div[2]/span[2]/span[1]
312	60637	/html/body/div[1]/main/section/div[1]/section[1]/div/article[18]/section[2]/div[2]/div[2]/span[2]/span[2]
313	$1,005 - $2,870	/html/body/div[1]/main/section/div[1]/section[1]/div/article[18]/section[2]/div[2]/div[3]/p[1]
314	Studio - 3 Br	/html/body/div[1]/main/section/div[1]/section[1]/div/article[18]/section[2]/div[2]/div[3]/p[2]
315	844-406-5855	/html/body/div[1]/main/section/div[1]/section[1]/div/article[18]/section[2]/div[2]/div[4]/p
316	More...	/html/body/div[1]/main/section/div[1]/section[1]/div/article[18]/section[2]/div[2]/div[4]/a
317	Contact Property	/html/body/div[1]/main/section/div[1]/section[1]/div/article[18]/section[2]/div[2]/a[2]/span
318	Jeff Jack Apartments	/html/body/div[1]/main/section/div[1]/section[1]/div/article[19]/section[1]/a
319	1	/html/body/div[1]/main/section/div[1]/section[1]/div/article[19]/section[2]/div[1]/span/span[1]
320	11	/html/body/div[1]/main/section/div[1]/section[1]/div/article[19]/section[2]/div[1]/span/span[2]
321	601 W Jackson Blvd	/html/body/div[1]/main/section/div[1]/section[1]/div/article[19]/section[2]/div[2]/div[2]/span[1]
322	Chicago	/html/body/div[1]/main/section/div[1]/section[1]/div/article[19]/section[2]/div[2]/div[2]/span[2]/span[1]
323	60661	/html/body/div[1]/main/section/div[1]/section[1]/div/article[19]/section[2]/div[2]/div[2]/span[2]/span[2]
324	$1,452 - $4,413	/html/body/div[1]/main/section/div[1]/section[1]/div/article[19]/section[2]/div[2]/div[3]/p[1]
325	Studio - 2 Br	/html/body/div[1]/main/section/div[1]/section[1]/div/article[19]/section[2]/div[2]/div[3]/p[2]
326	844-443-8919	/html/body/div[1]/main/section/div[1]/section[1]/div/article[19]/section[2]/div[2]/div[4]/p
327	More...	/html/body/div[1]/main/section/div[1]/section[1]/div/article[19]/section[2]/div[2]/div[4]/a
328	Contact Property	/html/body/div[1]/main/section/div[1]/section[1]/div/article[19]/section[2]/div[2]/a[2]/span
329	OneEleven	/html/body/div[1]/main/section/div[1]/section[1]/div/article[20]/section[1]/a
330	1	/html/body/div[1]/main/section/div[1]/section[1]/div/article[20]/section[2]/div[1]/span/span[1]
331	42	/html/body/div[1]/main/section/div[1]/section[1]/div/article[20]/section[2]/div[1]/span/span[2]
332	111 W Wacker Dr	/html/body/div[1]/main/section/div[1]/section[1]/div/article[20]/section[2]/div[2]/div[2]/span[1]
333	Chicago	/html/body/div[1]/main/section/div[1]/section[1]/div/article[20]/section[2]/div[2]/div[2]/span[2]/span[1]
334	60601	/html/body/div[1]/main/section/div[1]/section[1]/div/article[20]/section[2]/div[2]/div[2]/span[2]/span[2]
335	$1,995 - $6,695	/html/body/div[1]/main/section/div[1]/section[1]/div/article[20]/section[2]/div[2]/div[3]/p[1]
336	Studio - 3 Br	/html/body/div[1]/main/section/div[1]/section[1]/div/article[20]/section[2]/div[2]/div[3]/p[2]
337	708-546-4173	/html/body/div[1]/main/section/div[1]/section[1]/div/article[20]/section[2]/div[2]/div[4]/p
338	More...	/html/body/div[1]/main/section/div[1]/section[1]/div/article[20]/section[2]/div[2]/div[4]/a
339	Contact Property	/html/body/div[1]/main/section/div[1]/section[1]/div/article[20]/section[2]/div[2]/a[2]/span
340	Hyde Park Tower Apartments	/html/body/div[1]/main/section/div[1]/section[1]/div/article[21]/section[1]/a
341	1	/html/body/div[1]/main/section/div[1]/section[1]/div/article[21]/section[2]/div[1]/span/span[1]
342	21	/html/body/div[1]/main/section/div[1]/section[1]/div/article[21]/section[2]/div[1]/span/span[2]
343	5140 S Hyde Park Blvd	/html/body/div[1]/main/section/div[1]/section[1]/div/article[21]/section[2]/div[2]/div[2]/span[1]
344	Chicago	/html/body/div[1]/main/section/div[1]/section[1]/div/article[21]/section[2]/div[2]/div[2]/span[2]/span[1]
345	60615	/html/body/div[1]/main/section/div[1]/section[1]/div/article[21]/section[2]/div[2]/div[2]/span[2]/span[2]
346	$1,258 - $5,151	/html/body/div[1]/main/section/div[1]/section[1]/div/article[21]/section[2]/div[2]/div[3]/p[1]
347	1-3 Br	/html/body/div[1]/main/section/div[1]/section[1]/div/article[21]/section[2]/div[2]/div[3]/p[2]
348	773-432-4830	/html/body/div[1]/main/section/div[1]/section[1]/div/article[21]/section[2]/div[2]/div[4]/p
349	More...	/html/body/div[1]/main/section/div[1]/section[1]/div/article[21]/section[2]/div[2]/div[4]/a
350	Contact Property	/html/body/div[1]/main/section/div[1]/section[1]/div/article[21]/section[2]/div[2]/a[2]/span
351	AMLI Lofts	/html/body/div[1]/main/section/div[1]/section[1]/div/article[22]/section[1]/a
352	1	/html/body/div[1]/main/section/div[1]/section[1]/div/article[22]/section[2]/div[1]/span/span[1]
353	36	/html/body/div[1]/main/section/div[1]/section[1]/div/article[22]/section[2]/div[1]/span/span[2]
354	850 S Clark St	/html/body/div[1]/main/section/div[1]/section[1]/div/article[22]/section[2]/div[2]/div[2]/span[1]
355	Chicago	/html/body/div[1]/main/section/div[1]/section[1]/div/article[22]/section[2]/div[2]/div[2]/span[2]/span[1]
356	60605	/html/body/div[1]/main/section/div[1]/section[1]/div/article[22]/section[2]/div[2]/div[2]/span[2]/span[2]
357	$1,696 - $3,190	/html/body/div[1]/main/section/div[1]/section[1]/div/article[22]/section[2]/div[2]/div[3]/p[1]
358	1-2 Br	/html/body/div[1]/main/section/div[1]/section[1]/div/article[22]/section[2]/div[2]/div[3]/p[2]
359	312-462-1938	/html/body/div[1]/main/section/div[1]/section[1]/div/article[22]/section[2]/div[2]/div[4]/p
360	More...	/html/body/div[1]/main/section/div[1]/section[1]/div/article[22]/section[2]/div[2]/div[4]/a
361	Contact Property	/html/body/div[1]/main/section/div[1]/section[1]/div/article[22]/section[2]/div[2]/a[2]/span
362	Chestnut Place	/html/body/div[1]/main/section/div[1]/section[1]/div/article[23]/section[1]/a
363	1	/html/body/div[1]/main/section/div[1]/section[1]/div/article[23]/section[2]/div[1]/span/span[1]
364	10	/html/body/div[1]/main/section/div[1]/section[1]/div/article[23]/section[2]/div[1]/span/span[2]
365	850 N State St	/html/body/div[1]/main/section/div[1]/section[1]/div/article[23]/section[2]/div[2]/div[2]/span[1]
366	Chicago	/html/body/div[1]/main/section/div[1]/section[1]/div/article[23]/section[2]/div[2]/div[2]/span[2]/span[1]
367	60610	/html/body/div[1]/main/section/div[1]/section[1]/div/article[23]/section[2]/div[2]/div[2]/span[2]/span[2]
368	$1,339 - $2,621	/html/body/div[1]/main/section/div[1]/section[1]/div/article[23]/section[2]/div[2]/div[3]/p[1]
369	1-2 Br	/html/body/div[1]/main/section/div[1]/section[1]/div/article[23]/section[2]/div[2]/div[3]/p[2]
370	312-646-4941	/html/body/div[1]/main/section/div[1]/section[1]/div/article[23]/section[2]/div[2]/div[4]/p
371	More...	/html/body/div[1]/main/section/div[1]/section[1]/div/article[23]/section[2]/div[2]/div[4]/a
372	Contact Property	/html/body/div[1]/main/section/div[1]/section[1]/div/article[23]/section[2]/div[2]/a[2]/span
373	Atwater	/html/body/div[1]/main/section/div[1]/section[1]/div/article[24]/section[1]/a
374	1	/html/body/div[1]/main/section/div[1]/section[1]/div/article[24]/section[2]/div[1]/span/span[1]
375	79	/html/body/div[1]/main/section/div[1]/section[1]/div/article[24]/section[2]/div[1]/span/span[2]
376	355 E Ohio St	/html/body/div[1]/main/section/div[1]/section[1]/div/article[24]/section[2]/div[2]/div[2]/span[1]
377	Chicago	/html/body/div[1]/main/section/div[1]/section[1]/div/article[24]/section[2]/div[2]/div[2]/span[2]/span[1]
378	60611	/html/body/div[1]/main/section/div[1]/section[1]/div/article[24]/section[2]/div[2]/div[2]/span[2]/span[2]
379	$1,593 - $6,422	/html/body/div[1]/main/section/div[1]/section[1]/div/article[24]/section[2]/div[2]/div[3]/p[1]
380	Studio - 3 Br	/html/body/div[1]/main/section/div[1]/section[1]/div/article[24]/section[2]/div[2]/div[3]/p[2]
381	312-646-4953	/html/body/div[1]/main/section/div[1]/section[1]/div/article[24]/section[2]/div[2]/div[4]/p
382	More...	/html/body/div[1]/main/section/div[1]/section[1]/div/article[24]/section[2]/div[2]/div[4]/a
383	Contact Property	/html/body/div[1]/main/section/div[1]/section[1]/div/article[24]/section[2]/div[2]/a[2]/span
384	Circa 922	/html/body/div[1]/main/section/div[1]/section[1]/div/article[25]/section[1]/a
385	1	/html/body/div[1]/main/section/div[1]/section[1]/div/article[25]/section[2]/div[1]/span/span[1]
386	23	/html/body/div[1]/main/section/div[1]/section[1]/div/article[25]/section[2]/div[1]/span/span[2]
387	922 W Washington Blvd	/html/body/div[1]/main/section/div[1]/section[1]/div/article[25]/section[2]/div[2]/div[2]/span[1]
388	Chicago	/html/body/div[1]/main/section/div[1]/section[1]/div/article[25]/section[2]/div[2]/div[2]/span[2]/span[1]
389	60607	/html/body/div[1]/main/section/div[1]/section[1]/div/article[25]/section[2]/div[2]/div[2]/span[2]/span[2]
390	$1,565 - $5,225	/html/body/div[1]/main/section/div[1]/section[1]/div/article[25]/section[2]/div[2]/div[3]/p[1]
391	Studio - 3 Br	/html/body/div[1]/main/section/div[1]/section[1]/div/article[25]/section[2]/div[2]/div[3]/p[2]
392	773-358-4744	/html/body/div[1]/main/section/div[1]/section[1]/div/article[25]/section[2]/div[2]/div[4]/p
393	More...	/html/body/div[1]/main/section/div[1]/section[1]/div/article[25]/section[2]/div[2]/div[4]/a
394	Contact Property	/html/body/div[1]/main/section/div[1]/section[1]/div/article[25]/section[2]/div[2]/a[2]/span
395	1	/html/body/div[1]/main/section/div[1]/section[1]/div/div/a[2]
396	2	/html/body/div[1]/main/section/div[1]/section[1]/div/div/a[3]
397	3	/html/body/div[1]/main/section/div[1]/section[1]/div/div/a[4]
398	4	/html/body/div[1]/main/section/div[1]/section[1]/div/div/a[5]
399	5	/html/body/div[1]/main/section/div[1]/section[1]/div/div/a[6]
400	20	/html/body/div[1]/main/section/div[1]/section[1]/div/div/a[7]
401	Let Apartments.com find your perfect fit in Chicago, IL!	/html/body/div[1]/main/section/div[1]/section[1]/section[1]/h1
402	Cities	/html/body/div[1]/main/section/div[1]/section[1]/section[2]/div[1]/h3
403	Cicero	/html/body/div[1]/main/section/div[1]/section[1]/section[2]/div[1]/ul/li[1]/a
404	Stickney	/html/body/div[1]/main/section/div[1]/section[1]/section[2]/div[1]/ul/li[2]/a
405	Berwyn	/html/body/div[1]/main/section/div[1]/section[1]/section[2]/div[1]/ul/li[3]/a
406	Riverside	/html/body/div[1]/main/section/div[1]/section[1]/section[2]/div[1]/ul/li[4]/a
407	Chicago Lawn	/html/body/div[1]/main/section/div[1]/section[1]/section[2]/div[1]/ul/li[5]/a
408	Hometown	/html/body/div[1]/main/section/div[1]/section[1]/section[2]/div[1]/ul/li[6]/a
409	North Riverside	/html/body/div[1]/main/section/div[1]/section[1]/section[2]/div[1]/ul/li[7]/a
410	Oak Park	/html/body/div[1]/main/section/div[1]/section[1]/section[2]/div[1]/ul/li[8]/a
411	Lyons	/html/body/div[1]/main/section/div[1]/section[1]/section[2]/div[1]/ul/li[9]/a
412	Forest Park	/html/body/div[1]/main/section/div[1]/section[1]/section[2]/div[1]/ul/li[10]/a
413	Neighborhoods	/html/body/div[1]/main/section/div[1]/section[1]/section[2]/div[2]/h3
414	Little Village	/html/body/div[1]/main/section/div[1]/section[1]/section[2]/div[2]/ul/li[1]/a
415	Archer Heights	/html/body/div[1]/main/section/div[1]/section[1]/section[2]/div[2]/ul/li[2]/a
416	West Elsdon	/html/body/div[1]/main/section/div[1]/section[1]/section[2]/div[2]/ul/li[3]/a
417	Brighton Park	/html/body/div[1]/main/section/div[1]/section[1]/section[2]/div[2]/ul/li[4]/a
418	Lawndale	/html/body/div[1]/main/section/div[1]/section[1]/section[2]/div[2]/ul/li[5]/a
419	West Garfield Park	/html/body/div[1]/main/section/div[1]/section[1]/section[2]/div[2]/ul/li[6]/a
420	West Lawn	/html/body/div[1]/main/section/div[1]/section[1]/section[2]/div[2]/ul/li[7]/a
421	McKinley Park	/html/body/div[1]/main/section/div[1]/section[1]/section[2]/div[2]/ul/li[8]/a
422	East Garfield Park	/html/body/div[1]/main/section/div[1]/section[1]/section[2]/div[2]/ul/li[9]/a
423	Lower West Side	/html/body/div[1]/main/section/div[1]/section[1]/section[2]/div[2]/ul/li[10]/a
424	ZIP Codes	/html/body/div[1]/main/section/div[1]/section[1]/section[2]/div[3]/h3
425	60623	/html/body/div[1]/main/section/div[1]/section[1]/section[2]/div[3]/ul/li[1]/a
426	60804	/html/body/div[1]/main/section/div[1]/section[1]/section[2]/div[3]/ul/li[2]/a
427	60632	/html/body/div[1]/main/section/div[1]/section[1]/section[2]/div[3]/ul/li[3]/a
428	60624	/html/body/div[1]/main/section/div[1]/section[1]/section[2]/div[3]/ul/li[4]/a
429	60402	/html/body/div[1]/main/section/div[1]/section[1]/section[2]/div[3]/ul/li[5]/a
430	60644	/html/body/div[1]/main/section/div[1]/section[1]/section[2]/div[3]/ul/li[6]/a
431	60608	/html/body/div[1]/main/section/div[1]/section[1]/section[2]/div[3]/ul/li[7]/a
432	60651	/html/body/div[1]/main/section/div[1]/section[1]/section[2]/div[3]/ul/li[8]/a
433	60629	/html/body/div[1]/main/section/div[1]/section[1]/section[2]/div[3]/ul/li[9]/a
434	60638	/html/body/div[1]/main/section/div[1]/section[1]/section[2]/div[3]/ul/li[10]/a
435	About Us	/html/body/div[1]/main/section/div[1]/section[1]/footer/div[1]/a[1]
436	Find Office Space	/html/body/div[1]/main/section/div[1]/section[1]/footer/div[1]/a[2]
437	Find Industrial Space	/html/body/div[1]/main/section/div[1]/section[1]/footer/div[1]/a[3]
438	Buy a Business	/html/body/div[1]/main/section/div[1]/section[1]/footer/div[1]/a[4]
439	Buy a Farm	/html/body/div[1]/main/section/div[1]/section[1]/footer/div[1]/a[5]
440	Buy Commercial Properties	/html/body/div[1]/main/section/div[1]/section[1]/footer/div[1]/a[6]
441	Equal Housing	/html/body/div[1]/main/section/div[1]/section[1]/footer/div[1]/a[7]
442	Terms of Service	/html/body/div[1]/main/section/div[1]/section[1]/footer/div[1]/a[8]
443		/html/body/div[1]/main/section/div[1]/section[1]/footer/div[2]/a
444	Baths	/html/body/div[1]/main/section/div[1]/section[2]/section[1]/div/h4
445	Baths	/html/body/div[1]/main/section/div[1]/section[2]/section[1]/div/select/option[1]
446	1+ Baths	/html/body/div[1]/main/section/div[1]/section[2]/section[1]/div/select/option[2]
447	2+ Baths	/html/body/div[1]/main/section/div[1]/section[2]/section[1]/div/select/option[3]
448	3+ Baths	/html/body/div[1]/main/section/div[1]/section[2]/section[1]/div/select/option[4]
449	Pet Friendly	/html/body/div[1]/main/section/div[1]/section[2]/section[2]/div[1]/h4
450	Dog	/html/body/div[1]/main/section/div[1]/section[2]/section[2]/div[1]/ul/li[1]/label
451	Cat	/html/body/div[1]/main/section/div[1]/section[2]/section[2]/div[1]/ul/li[2]/label
452	Interior Amenities	/html/body/div[1]/main/section/div[1]/section[2]/section[2]/div[2]/h4
453	Air Conditioning	/html/body/div[1]/main/section/div[1]/section[2]/section[2]/div[2]/ul/li[1]/label
454	Unit Washer/Dryer	/html/body/div[1]/main/section/div[1]/section[2]/section[2]/div[2]/ul/li[2]/label
455	Dishwasher	/html/body/div[1]/main/section/div[1]/section[2]/section[2]/div[2]/ul/li[3]/label
456	Wheelchair Access	/html/body/div[1]/main/section/div[1]/section[2]/section[2]/div[2]/ul/li[4]/label
457	Community Amenities	/html/body/div[1]/main/section/div[1]/section[2]/section[2]/div[3]/h4
458	Parking	/html/body/div[1]/main/section/div[1]/section[2]/section[2]/div[3]/ul/li[1]/label
459	Fitness Center	/html/body/div[1]/main/section/div[1]/section[2]/section[2]/div[3]/ul/li[2]/label
460	Pool	/html/body/div[1]/main/section/div[1]/section[2]/section[2]/div[3]/ul/li[3]/label
461	Elevator	/html/body/div[1]/main/section/div[1]/section[2]/section[2]/div[3]/ul/li[4]/label
462	Style	/html/body/div[1]/main/section/div[1]/section[2]/section[3]/div[1]/h4
463	Apartments	/html/body/div[1]/main/section/div[1]/section[2]/section[3]/div[1]/ul/li[1]/label
464	Houses	/html/body/div[1]/main/section/div[1]/section[2]/section[3]/div[1]/ul/li[2]/label
465	Condos	/html/body/div[1]/main/section/div[1]/section[2]/section[3]/div[1]/ul/li[3]/label
466	Townhomes	/html/body/div[1]/main/section/div[1]/section[2]/section[3]/div[1]/ul/li[4]/label
467	Specialties	/html/body/div[1]/main/section/div[1]/section[2]/section[3]/div[2]/h4
468	Senior	/html/body/div[1]/main/section/div[1]/section[2]/section[3]/div[2]/ul/li[1]/label
469	Military	/html/body/div[1]/main/section/div[1]/section[2]/section[3]/div[2]/ul/li[2]/label
470	Student	/html/body/div[1]/main/section/div[1]/section[2]/section[3]/div[2]/ul/li[3]/label
471	Corporate	/html/body/div[1]/main/section/div[1]/section[2]/section[3]/div[2]/ul/li[4]/label
472	Income Restricted	/html/body/div[1]/main/section/div[1]/section[2]/section[3]/div[2]/ul/li[5]/label
473	Rating	/html/body/div[1]/main/section/div[1]/section[2]/section[3]/div[3]/h4
474	Community Amenities	/html/body/div[1]/main/section/div[1]/section[2]/section[4]/div[1]/h4
475	Parking	/html/body/div[1]/main/section/div[1]/section[2]/section[4]/div[1]/ul/li[1]/label
476	Fitness Center	/html/body/div[1]/main/section/div[1]/section[2]/section[4]/div[1]/ul/li[2]/label
477	Pool	/html/body/div[1]/main/section/div[1]/section[2]/section[4]/div[1]/ul/li[3]/label
478	Elevator	/html/body/div[1]/main/section/div[1]/section[2]/section[4]/div[1]/ul/li[4]/label
479	Style	/html/body/div[1]/main/section/div[1]/section[2]/section[4]/div[2]/h4
480	Apartments	/html/body/div[1]/main/section/div[1]/section[2]/section[4]/div[2]/ul/li[1]/label
481	Houses	/html/body/div[1]/main/section/div[1]/section[2]/section[4]/div[2]/ul/li[2]/label
482	Condos	/html/body/div[1]/main/section/div[1]/section[2]/section[4]/div[2]/ul/li[3]/label
483	Townhomes	/html/body/div[1]/main/section/div[1]/section[2]/section[4]/div[2]/ul/li[4]/label
484	Specialties	/html/body/div[1]/main/section/div[1]/section[2]/section[5]/div[1]/h4
485	Senior	/html/body/div[1]/main/section/div[1]/section[2]/section[5]/div[1]/ul/li[1]/label
486	Military	/html/body/div[1]/main/section/div[1]/section[2]/section[5]/div[1]/ul/li[2]/label
487	Student	/html/body/div[1]/main/section/div[1]/section[2]/section[5]/div[1]/ul/li[3]/label
488	Corporate	/html/body/div[1]/main/section/div[1]/section[2]/section[5]/div[1]/ul/li[4]/label
489	Income Restricted	/html/body/div[1]/main/section/div[1]/section[2]/section[5]/div[1]/ul/li[5]/label
490	Rating	/html/body/div[1]/main/section/div[1]/section[2]/section[5]/div[2]/h4
491	Keyword Search	/html/body/div[1]/main/section/div[1]/section[2]/section[6]/div[1]/h4
492	Separate keywords by comma	/html/body/div[1]/main/section/div[1]/section[2]/section[6]/div[1]/p
493	Square Feet	/html/body/div[1]/main/section/div[1]/section[2]/section[6]/div[2]/h4
494	No Min	/html/body/div[1]/main/section/div[1]/section[2]/section[6]/div[2]/select[1]/option[1]
495	400	/html/body/div[1]/main/section/div[1]/section[2]/section[6]/div[2]/select[1]/option[2]
496	500	/html/body/div[1]/main/section/div[1]/section[2]/section[6]/div[2]/select[1]/option[3]
497	600	/html/body/div[1]/main/section/div[1]/section[2]/section[6]/div[2]/select[1]/option[4]
498	700	/html/body/div[1]/main/section/div[1]/section[2]/section[6]/div[2]/select[1]/option[5]
499	800	/html/body/div[1]/main/section/div[1]/section[2]/section[6]/div[2]/select[1]/option[6]
500	900	/html/body/div[1]/main/section/div[1]/section[2]/section[6]/div[2]/select[1]/option[7]
501	1,000	/html/body/div[1]/main/section/div[1]/section[2]/section[6]/div[2]/select[1]/option[8]
502	1,100	/html/body/div[1]/main/section/div[1]/section[2]/section[6]/div[2]/select[1]/option[9]
503	1,200	/html/body/div[1]/main/section/div[1]/section[2]/section[6]/div[2]/select[1]/option[10]
504	1,300	/html/body/div[1]/main/section/div[1]/section[2]/section[6]/div[2]/select[1]/option[11]
505	1,400	/html/body/div[1]/main/section/div[1]/section[2]/section[6]/div[2]/select[1]/option[12]
506	1,500	/html/body/div[1]/main/section/div[1]/section[2]/section[6]/div[2]/select[1]/option[13]
507	1,600	/html/body/div[1]/main/section/div[1]/section[2]/section[6]/div[2]/select[1]/option[14]
508	1,700	/html/body/div[1]/main/section/div[1]/section[2]/section[6]/div[2]/select[1]/option[15]
509	1,800	/html/body/div[1]/main/section/div[1]/section[2]/section[6]/div[2]/select[1]/option[16]
510	1,900	/html/body/div[1]/main/section/div[1]/section[2]/section[6]/div[2]/select[1]/option[17]
511	2,000	/html/body/div[1]/main/section/div[1]/section[2]/section[6]/div[2]/select[1]/option[18]
512	2,500	/html/body/div[1]/main/section/div[1]/section[2]/section[6]/div[2]/select[1]/option[19]
513	3,000	/html/body/div[1]/main/section/div[1]/section[2]/section[6]/div[2]/select[1]/option[20]
514	3,500	/html/body/div[1]/main/section/div[1]/section[2]/section[6]/div[2]/select[1]/option[21]
515	4,000	/html/body/div[1]/main/section/div[1]/section[2]/section[6]/div[2]/select[1]/option[22]
516	4,500	/html/body/div[1]/main/section/div[1]/section[2]/section[6]/div[2]/select[1]/option[23]
517	to	/html/body/div[1]/main/section/div[1]/section[2]/section[6]/div[2]/span
518	No Max	/html/body/div[1]/main/section/div[1]/section[2]/section[6]/div[2]/select[2]/option[1]
519	400	/html/body/div[1]/main/section/div[1]/section[2]/section[6]/div[2]/select[2]/option[2]
520	500	/html/body/div[1]/main/section/div[1]/section[2]/section[6]/div[2]/select[2]/option[3]
521	600	/html/body/div[1]/main/section/div[1]/section[2]/section[6]/div[2]/select[2]/option[4]
522	700	/html/body/div[1]/main/section/div[1]/section[2]/section[6]/div[2]/select[2]/option[5]
523	800	/html/body/div[1]/main/section/div[1]/section[2]/section[6]/div[2]/select[2]/option[6]
524	900	/html/body/div[1]/main/section/div[1]/section[2]/section[6]/div[2]/select[2]/option[7]
525	1,000	/html/body/div[1]/main/section/div[1]/section[2]/section[6]/div[2]/select[2]/option[8]
526	1,100	/html/body/div[1]/main/section/div[1]/section[2]/section[6]/div[2]/select[2]/option[9]
527	1,200	/html/body/div[1]/main/section/div[1]/section[2]/section[6]/div[2]/select[2]/option[10]
528	1,300	/html/body/div[1]/main/section/div[1]/section[2]/section[6]/div[2]/select[2]/option[11]
529	1,400	/html/body/div[1]/main/section/div[1]/section[2]/section[6]/div[2]/select[2]/option[12]
530	1,500	/html/body/div[1]/main/section/div[1]/section[2]/section[6]/div[2]/select[2]/option[13]
531	1,600	/html/body/div[1]/main/section/div[1]/section[2]/section[6]/div[2]/select[2]/option[14]
532	1,700	/html/body/div[1]/main/section/div[1]/section[2]/section[6]/div[2]/select[2]/option[15]
533	1,800	/html/body/div[1]/main/section/div[1]/section[2]/section[6]/div[2]/select[2]/option[16]
534	1,900	/html/body/div[1]/main/section/div[1]/section[2]/section[6]/div[2]/select[2]/option[17]
535	2,000	/html/body/div[1]/main/section/div[1]/section[2]/section[6]/div[2]/select[2]/option[18]
536	2,500	/html/body/div[1]/main/section/div[1]/section[2]/section[6]/div[2]/select[2]/option[19]
537	3,000	/html/body/div[1]/main/section/div[1]/section[2]/section[6]/div[2]/select[2]/option[20]
538	3,500	/html/body/div[1]/main/section/div[1]/section[2]/section[6]/div[2]/select[2]/option[21]
539	4,000	/html/body/div[1]/main/section/div[1]/section[2]/section[6]/div[2]/select[2]/option[22]
540	4,500	/html/body/div[1]/main/section/div[1]/section[2]/section[6]/div[2]/select[2]/option[23]
541	Plan Commute	/html/body/div[1]/main/section/div[1]/section[2]/section[7]/div/button
542	Sort	/html/body/div[1]/main/section/div[1]/section[2]/section[8]/div/select/option[1]
543	Rent (lo)	/html/body/div[1]/main/section/div[1]/section[2]/section[8]/div/select/option[2]
544	Rent (hi)	/html/body/div[1]/main/section/div[1]/section[2]/section[8]/div/select/option[3]
545	Clear	/html/body/div[1]/main/section/div[1]/section[2]/section[8]/div/button[3]
546	Done	/html/body/div[1]/main/section/div[1]/section[2]/section[8]/div/button[4]
547	Discover rentals near work and play	/html/body/div[1]/main/section/div[1]/section[3]/h2
548	1. Destination	/html/body/div[1]/main/section/div[1]/section[3]/section[1]/h3
549	*Please enter your address or point of interest	/html/body/div[1]/main/section/div[1]/section[3]/section[1]/p
550	2. Travel Time	/html/body/div[1]/main/section/div[1]/section[3]/section[2]/h3
551	Minutes	/html/body/div[1]/main/section/div[1]/section[3]/section[2]/div/div[1]/div[2]/div/span
552	1 Minute	/html/body/div[1]/main/section/div[1]/section[3]/section[2]/div/div[2]/span[1]
553	30 Minutes	/html/body/div[1]/main/section/div[1]/section[3]/section[2]/div/div[2]/span[2]
554	60 Minutes	/html/body/div[1]/main/section/div[1]/section[3]/section[2]/div/div[2]/span[3]
555	3. Travel Mode	/html/body/div[1]/main/section/div[1]/section[3]/section[3]/h3
556	Car	/html/body/div[1]/main/section/div[1]/section[3]/section[3]/ul[1]/li[1]/button
557	Public Transit	/html/body/div[1]/main/section/div[1]/section[3]/section[3]/ul[1]/li[2]/button
558	Walk	/html/body/div[1]/main/section/div[1]/section[3]/section[3]/ul[1]/li[3]/button
559	Bike	/html/body/div[1]/main/section/div[1]/section[3]/section[3]/ul[1]/li[4]/button
560	Rush Hour	/html/body/div[1]/main/section/div[1]/section[3]/section[3]/ul[2]/li[1]/button
561	No Traffic	/html/body/div[1]/main/section/div[1]/section[3]/section[3]/ul[2]/li[2]/button
562	Add Another	/html/body/div[1]/main/section/div[1]/section[3]/section[3]/button
563	Clear	/html/body/div[1]/main/section/div[1]/section[3]/section[3]/div[1]/button[1]
564	Done	/html/body/div[1]/main/section/div[1]/section[3]/section[3]/div[1]/button[2]
565	Add Another	/html/body/div[1]/main/section/div[1]/section[3]/section[3]/div[2]/button[1]
566	Clear	/html/body/div[1]/main/section/div[1]/section[3]/section[3]/div[2]/button[2]
567	Done	/html/body/div[1]/main/section/div[1]/section[3]/section[3]/div[2]/button[3]
568	Your Destinations	/html/body/div[1]/main/section/div[1]/section[3]/section[4]/div[1]/h3
569	Click below to edit a destination	/html/body/div[1]/main/section/div[1]/section[3]/section[4]/span
570	Powered by Walkscore Travel Time	/html/body/div[1]/main/section/div[1]/section[3]/a
571	7,160 Rentals Available	/html/body/div[1]/main/section/div[1]/section[4]/div[1]/h2
572	0	/html/body/div[1]/main/section/div[1]/section[4]/div[1]/span[1]
573	7160	/html/body/div[1]/main/section/div[1]/section[4]/div[1]/span[2]
574	Erase	/html/body/div[1]/main/section/div[1]/section[4]/ul/li[4]/span
575	Moving now	/html/body/div[1]/main/section/div[2]/div[1]/div/select/option[1]
576	Moving this month	/html/body/div[1]/main/section/div[2]/div[1]/div/select/option[2]
577	Moving next month	/html/body/div[1]/main/section/div[2]/div[1]/div/select/option[3]
578	Moving soon	/html/body/div[1]/main/section/div[2]/div[1]/div/select/option[4]
579	Email me listings and apartment related info.	/html/body/div[1]/main/section/div[2]/div[1]/div/label
580	Submitting Request	/html/body/div[1]/main/section/div[2]/div[2]/div/p
581	Thank You	/html/body/div[1]/main/section/div[2]/div[3]/div/h3
582	Thank you! Your email has been sent.	/html/body/div[1]/main/section/div[2]/div[3]/div/p
583	No Favorites Yet	/html/body/div[1]/main/section/div[3]/div[1]/div/div/h3
584	Ok	/html/body/div[1]/main/section/div[3]/div[1]/div/div/button[2]
585	Clear Filters	/html/body/div[1]/main/section/div[3]/div[2]/div/div/h3
586	Would you like to continue?	/html/body/div[1]/main/section/div[3]/div[2]/div/div/p[2]
587	Yes	/html/body/div[1]/main/section/div[3]/div[2]/div/div/button[2]
588	No	/html/body/div[1]/main/section/div[3]/div[2]/div/div/button[3]
589	We're Sorry	/html/body/div[1]/main/section/div[4]/div/div/h3
590	Try again	/html/body/div[1]/main/section/div[4]/div/div/button[2]
591	Exit	/html/body/div[1]/main/section/div[4]/div/div/button[3]
592	We're Sorry!	/html/body/div[1]/main/section/div[5]/div/div/h3
593	Ok	/html/body/div[1]/main/section/div[5]/div/div/button[2]
594	We're Sorry!	/html/body/div[1]/main/section/div[6]/div/div/h3
595	Your location was not found. Please try again later.	/html/body/div[1]/main/section/div[6]/div/div/p
596	Ok	/html/body/div[1]/main/section/div[6]/div/div/button[2]
